AptamerID,Sequence,TwoDStructure,Target,Affinity,Enthalpy,Entropy,Temp-Entropy,Specificity,LongestLoopSize
NC1,CTTACGACCTGTTCTGAGGGTCAACCTTTGGTGTAGTGGTCGTAAG,(((((((((....(((((((....)))))))......))))))))),Cocaine,216,-28.0,-63.7,-18.9,2.2,6
NC2,CTTACGACATGGGATGTGTAGTTAGTGGTCGGATCCGAGTCGTAAG,((((((((...((((.((...........)).))))..)))))))),Cocaine,151,-14.5,-17.8,-5.3,3.2,11
NC3,CTTACGACGACCTATTGGGGGTAGTTATAGTTGGGTGAGTCGTAAG,((((((((.(((((....(........)...)))))..)))))))),Cocaine,353,-34.4,-86.6,-25.6,0.6,8
NC4,CTTACGACAAGGGATGTTTGTTAGTGTGTCGGTGCATTGTCGTAAG,(((((((((...(((....))).((((......))))))))))))),Cocaine,357,-14.8,-20.5,-6.1,1.8,6
NC5,CTTACGACTTTTGGGTGTCTGGGTGGGAGGTCGTAAG,((((((((((((.(.(.....).).)))))))))))),Cocaine,67,-17.3,-25.5,-7.5,9.3,5
NC6,CTTACGACAAAGGCTCGGGCTCCCATGATGGATTCGTTGTCGTAAG,(((((((((.......((....))((((.....))))))))))))),Cocaine,285,-13.6,-16.0,-4.7,1.6,7
NC7,CTTACGACACAGGGGGGGGCTAGGGTGCGCGGGAGCTGGTCGTAAG,((((((((..........((......))((....))..)))))))),Cocaine,282,-21.1,-41.0,-12.1,5.4,10
NC8,CTTACGACGCGGACGTTGTGGGGCGTGGCAGTCGGTGGGTCGTAAG,((((((((.(..(((((....))))).((.....))).)))))))),Cocaine,372,-21.0,-41.6,-12.3,1.9,5
NC9,CTTACGACAAACTTTTGGGTATCTGGTTGGGAGGTTCTGTCGTAAG,((((((((..((((((.((.......)).))))))...)))))))),Cocaine,115,-27.1,-59.8,-17.7,6.1,7
NC11,CTTACGACCTGCTCTGAGGGTCAACGGTGGTGTAGTCGGTCGTAAG,(((((((((.(((..(..(.(....).)..)..))).))))))))),Cocaine,190,-20.0,-37.0,-11.0,1.1,4
NC12,CTTACGACAAGGGATGTGAGTTAGTGTGTCGGATCTATGTCGTAAG,(((((((((..((((.(((.........))).)))).))))))))),Cocaine,152,-18.5,-31.1,-9.2,4.3,9
NC13,CTTACGACGTGTGCTGTTGGTTCTAGGGGTAGGATGGCGTCGTAAG,((((((((((.((((.(((....))).)))).....)))))))))),Cocaine,235,-13.3,-14.7,-4.4,4.6,5
NC14,CTTACGACGTAGCTTCGGGTGTTCTGGGTGAGCTCTGCGTCGTAAG,((((((((((((...((((...))))((....)))))))))))))),Cocaine,833,-29.6,-72.0,-21.3,3.6,4
NC15,CTTACGACGGGGTTCAGAGGGTCAACGGTGGTGTTGTCGTCGTAAG,((((((((((.(.(((..(......)..)))...).)))))))))),Cocaine,245,-19.3,-34.8,-10.3,4.2,6
NC16,CTTACGACTAGGTGTGGGTCGGCTGCTTTCGCAGGGTAGTCGTAAG,((((((((((..((((((.........))))))...)))))))))),Cocaine,350,-14.0,-17.7,-5.2,1.7,9
NC17,CTTACGACTTTGGTTTCCTCGATTCGCATGGGTGGTAAGTCGTAAG,((((((((((.....(((...........)))....)))))))))),Cocaine,240,-27.4,-62.0,-18.4,1.0,11
NC18,CTTACGACTCAGGGGGAGGCTAGGGTGCGCGGAAGCTGGTCGTAAG,(((((((((.........((......))((....)).))))))))),Cocaine,245,-21.0,-40.0,-11.8,5.2,9
NC21,CTTACGACTAGTTCGGATAAGGGGTAGGTGTGGTTGTGGTCGTAAG,((((((((((..(((.((..(...)..)).)))...)))))))))),Cocaine,192,-12.7,-12.0,-3.6,6.2,3
NC23,CTTACGACGGTCTTTTGGGTGTTCTGGGTGGGAGGAGCGTCGTAAG,(((((((((.((((((.(.(......).).)))))).))))))))),Cocaine,194,-18.6,-32.2,-9.5,9.0,6
NC26,CTTACGACCTAAGGGTCTGGAGTGGTTGTTATACGCTGGTCGTAAG,(((((((((...(.((..(..(....)..)..)).).))))))))),Cocaine,218,-23.2,-47.7,-14.1,2.3,4
NC31,CTTACGACAATGGGGCAGTTCTAGTTGGGGTTTATATTGTCGTAAG,((((((((((((....(.(((.....))).)...)))))))))))),Cocaine,345,-24.3,-52.5,-15.5,7.3,5
NC32,CTTACGACTAGGTGGGGGTCGGCCATGGGAGTGGGGTAGTCGTAAG,((((((((((((......))..((((....))))..)))))))))),Cocaine,270,-14.5,-18.8,-5.6,1.7,6
NC33,CTTACGACATGGGATGTAAGTTAGTGGGTCGGATCCGGGTCGTAAG,((((((((.((((....................)))).)))))))),Cocaine,329,-11.9,-10.4,-3.1,3.1,20
NC35,CTTACGACTAGGTGTGGGTCGGCTCCGGATGGAGGGTAGTCGTAAG,((((((((((((......))..((((....))))..)))))))))),Cocaine,510,-12.1,-12.0,-3.6,1.4,6
NC37,CTTACGACGGGTAGGCTGAGGGTCTGGAGTGGTTGGAAGTCGTAAG,((((((((...((((((...))))))............)))))))),Cocaine,450,-16.4,-26.4,-7.8,6.8,12
NC38,CTTACGACACATTTGGGTATTCTGGGTGAGCTGTGTCGTAAG,(((((((((((.(((((...)))))(....)))))))))))),Cocaine,602,-21.7,-44.8,-13.3,1.8,4
NC42,CTTACGACAGTAACGGTGGGTATATGGGATTTATGTTCGTCGTAAG,((((((((....((.....)).....((((....)))))))))))),Cocaine,282,-29.0,-67.9,-20.1,3.3,5
NC43,CTTACGACTAGGTGTGGGTCGGCTCAATTCGGAGGGTAGTCGTAAG,(((((((((.((..((((....))))..)).......))))))))),Cocaine,461,-14.4,-19.7,-5.8,1.3,7
NC44,CTTACGACTAGTTCCGGGTAGGGGTAGGCGTGGTTGTGGTCGTAAG,((((((((((...(((.((........)).)))...)))))))))),Cocaine,70,-10.6,-3.2,-0.9,9.5,8
NC46,CTTACGACTTACTTTTGGGTTGTCTGGGTGGGAGGTATGTCGTAAG,((((((((.(((((((.(.((....)).).))))))).)))))))),Cocaine,250,-28.3,-65.2,-19.3,1.6,4
NC48,CTTACGACCTGTTCTGAGGGTCAACGGTGGTGTAGTCGGTCGTAAG,(((((((((....(((....(((....)))..)))..))))))))),Cocaine,53,-16.6,-22.8,-6.7,3.0,4
NC49,CTTACGACCGACTTTTGGGTGTTCTGGGTGGGATGTGGGTCGTAAG,(((((((((.((.((((((...))))))......)).))))))))),Cocaine,341,-20.5,-39.5,-11.7,2.2,6
NC52,CTTACGACTAGTCGGTGGGGGGTAGGCGGAGGGTTGTTGTCGTAAG,((((((((...((.((..(...)..)).))..(....))))))))),Cocaine,122,-25.4,-54.0,-16.0,6.5,4
NC53,CTTACGACTAGGCGGGGGTCGGCCACCGAGGTGGGGTAGTCGTAAG,(((((((((((((....)))..((((....))))..)))))))))),Cocaine,315,-11.9,-10.3,-3.0,2.5,4
NC58,CTTACGACTAGGTGTGGGTCGGCTTTTTTTTAAGGGTAGTCGTAAG,(((((((((.((......)).((((((....))))))))))))))),Cocaine,352,-15.1,-21.5,-6.4,2.0,6
NC59,CTTACGACTAGGTGTGGGTCGGCGCTAGGGGCAGGGTAGTCGTAAG,(((((((((((.((.....)).)(((...)))....)))))))))),Cocaine,315,-14.4,-18.9,-5.6,1.5,5
NC62,CTTACGACTAGGTGTGGGTCGGCCATTAGTGGAGGGTAGTCGTAAG,((((((((((((......))..(((....)))....)))))))))),Cocaine,735,-13.7,-18.3,-5.4,2.4,6
NC66,CTTACGACGTGGGAAGTGTGGTTTGTGATCGGATCCGTGTCGTAAG,(((((((((((((....................))))))))))))),Cocaine,168,-9.4,-0.7,-0.2,17.3,20
NC69,CTTACGACATGGGATGTGTAGTTAGTGGTCGGATCCGGGTCGTAAG,((((((((...((((.((...........)).))))..)))))))),Cocaine,127,-14.4,-17.1,-5.1,2.9,11
NC73,CTTACGACGACCTATTGGGGGGTAGTTATAGTTGGGTGAGTCGTAAG,((((((((.(((((.....((....)).....)))))..)))))))),Cocaine,102,-39.1,-100.0,-29.6,0.9,5
NC74,CTTACGACTAGGTGGGGGTCGGCGCCGTAGGTGGGGTAGTCGTAAG,((((((((((.((.(....).)).(((....)))..)))))))))),Cocaine,467,-16.2,-25.6,-7.6,1.2,4
NC76,CTTACGACGGGTGCCGTTGGTTCTAGGGTTAGGATGGCGTCGTAAG,((((((((((....)..(.((((((....)))))).)))))))))),Cocaine,313,-13.6,-16.1,-4.8,7.0,4
NC82,CTTACGACGACCTAGTGGGGGTAGTTATAGTTGGGTGAGTCGTAAG,((((((((.((((((..(..(...)..)..))))))..)))))))),Cocaine,1016,-32.4,-82.1,-24.3,2.7,3
NC85,CTTACGACTAGGTGTGGGTCGGCTCCGAATGGAGGGTAGTCGTAAG,((((((((((((......))..((((....))))..)))))))))),Cocaine,621,-11.5,-10.5,-3.1,1.5,6
NC101,CTTACGACAAGGGATGTTTGTTAGTGTGTCGGATCTATGTCGTAAG,(((((((((.(((....................))).))))))))),Cocaine,115,-16.7,-24.5,-7.3,10.1,20
NC106,CTTACGACACAGGGGGGGGCTAGGGTGCGCGGAAGCTGGTCGTAAG,((((((((..........((......))((....))..)))))))),Cocaine,155,-20.9,-39.3,-11.6,9.1,10
NC128,CTTACGACAGGCGGTGTGGTGCTGGGAATAGGGATGGTGTCGTAAG,(((((((((..((((.....))))....((....)).))))))))),Cocaine,266,-13.5,-15.6,-4.6,14.3,5
NC130,CTTACGACTACGGTTGGTTCAGGGGGTAGGTGCTTTGGGTCGTAAG,(((((((((((.....)).(((((.(....).)))))))))))))),Cocaine,198,-12.2,-10.4,-3.1,8.5,5
NC179,CTTACGACTAGTTCTGAGGAATCAACGTCGGTGTAGTTGTCGTAAG,((((((((.....((((.(......).)))).......)))))))),Cocaine,33,-26.4,-54.8,-16.2,1.7,7
NC182,CTTACGACGTTGGGCTTATTAGGGGCTGGAGTGGGTGAGTCGTAAG,((((((((.((.(((((.....))))).))........)))))))),Cocaine,617,-17.9,-32.0,-9.5,5.0,8
NC195,CTTACGACAGGTTCTGAGGAATCAACGTCGGTGTAGTTGTCGTAAG,((((((((((.(.((((.(......).))))...).)))))))))),Cocaine,22,-22.4,-40.5,-12.0,2.4,6
NC235,CTTACGACGGTGGGGGGTTGGTAGGGGAGGAGCGCATCGTCGTAAG,((((((((((((.(..................).)))))))))))),Cocaine,1100,-10.5,-8.4,-2.5,0.3,18
NC590,CTTACGACGTGTGCTGTTGGTTCTAGGGTTAGGATGGCGTCGTAAG,((((((((((...(....)((((((....)))))).)))))))))),Cocaine,98,-13.4,-13.1,-3.9,9.4,4
NC1947,CTTACGACACAGGGCGTGGAGTGGCTGGGCTTCAAGGGGTCGTAAG,((((((((.(.((((.(((.....))).))))....).)))))))),Cocaine,123,-10.5,-3.7,-1.1,6.9,5
NC950,CTTACGACTAGTTCCGGGTAGGGGTAGGTGTGGTTGTGGTCGTAAG,((((((((((...(((.(..........).)))...)))))))))),Cocaine,61,-12.5,-9.2,-2.7,21.5,10
NC1174,CTTACGACGGGTGCTGTTGGTTCTAGGGTTAGGATGGCGTCGTAAG,(((((((((.(......).((((((....))))))..))))))))),Cocaine,57,-12.8,-10.0,-3.0,11.9,6
NC1057,CTTACGACGGGTGCTGTTGGTTCTAGGGGTAGGATGGCGTCGTAAG,(((((((((.(......).((((((....))))))..))))))))),Cocaine,107,-13.2,-12.8,-3.8,7.9,6
NCA,CTTACGACACACGGTGTGGATGAGGTGGGCTAATAGGGGTCGTAAG,((((((((...(....(((..........)))...)..)))))))),Cocaine,69,-13.7,-13.4,-4.0,5.3,10
NCB,CTTACGACACAGGGCGTGGAGGAGCTGGGCTATTAGGGGTCGTAAG,((((((((....(((.(((.....))).))).......)))))))),Cocaine,1190,-5.4,9.0,2.7,2.9,7
NC358,CTTACGACGGGGGTGTGGCTAGGGGTGGCGCGGGATCCGTCGTAAG,(((((((((((.((((.(((...))).))))....))))))))))),Cocaine,185,-9.1,0.2,0.1,26.6,4
NC21357,CTTACGACGGGTGCCGTTGGTTCTAGGGGTAGGATGGCGTCGTAAG,(((((((((..((((.(((....))).))))......))))))))),Cocaine,1350,-14.1,-20.7,-6.1,3.9,6
NC314,CTTACGACTGGGATGTGTTGTTAGTGCTGTCGGATCCGGTCGTAAG,(((((((((((..(..(..((....))..)..)..))))))))))),Cocaine,204,-9.3,-0.7,-0.2,21.8,4
NC27,CTTACGACGGTGGTGTGGTACTGGGCTTGGGGGGTGTTGTCGTAAG,((((((((((.((((...))))..(((.....))).)))))))))),Cocaine,335,-24.1,-51.7,-15.3,6.2,5
NC29,CTTACGACAAGGGATGTGTAGTTAGTGGTCGGATCCGAGTCGTAAG,((((((((...((((.((...........)).))))..)))))))),Cocaine,2650,-12.0,-15.1,-4.5,4.6,11
NC70,CTTACGACAATCTTTTGGGTGTTCTGGGTGAGGTGTTTGTCGTAAG,((((((((((.((((.(((...)))....))))...)))))))))),Cocaine,378,-24.4,-53.0,-15.7,3.0,4
NC75,CTTACGACGCGGACGTTGTGGGGCGTGGCAGTCGGTGAGTCGTAAG,((((((((.(.(((...((.(....).)).))).)...)))))))),Cocaine,1030,-17.1,-30.3,-9.0,3.0,4
NC83,CTTACGACAAGGGATGTCTGTTAGTGTGTCGGTGCATTGTCGTAAG,(((((((((.(((...)))....((((......))))))))))))),Cocaine,330,-14.7,-20.0,-5.9,3.4,6
NC145,CTTACGACACAGGGGGTGGCTAGGGTGCGCGGGAGCTGGTCGTAAG,((((((((..........((......))((....))..)))))))),Cocaine,76,-19.6,-33.3,-9.9,13.6,10
NC423,CTTACGACTTGTTCTGAGGGTCAACGGTGGTGTAGTTAGTCGTAAG,(((((((((....(((....(((....)))..)))..))))))))),Cocaine,22,-18.7,-28.2,-8.3,3.8,4
NC973,CTTACGACGGGTTCAGAGGGTCAACGGTGGTGTTGTCGTCGTAAG,((((((((((..((....)).(((((....))))))))))))))),Cocaine,49,-19.6,-32.6,-9.6,2.8,4
NC1331,CTTACGACGTGTGCTGTTGGTTCTAGGGTAGGATGGCGTCGTAAG,((((((((((...(....)((((((...)))))).)))))))))),Cocaine,93,-14.1,-15.6,-4.6,13.3,4
MT2-R1,GGGACGACGCTAGGGGATCTTTTGGGGTTTGTATGGGCGTCGTCCC,(((((((((((.(.((((((....)))))).)...))))))))))),Methamphetamine,"2,500",-14.9,-24.7,-7.3,37.7,4
MT2-R2,GGGACGACGAGGGGATCCATCCAATGGGGTTTGTATACGTCGTCCC,(((((((((.(((......))).(((.(...).))).))))))))),Methamphetamine,"5,000",-20.9,-46.2,-13.7,54.2,6
MT2-R3,GGGACGACGGTACCCGCCGGTGCAGGATCTGGGGTGGTGTCGTCCC,(((((((((.(((((.((......)).....))))).))))))))),Methamphetamine,"18,000",-6.8,-1.3,-0.4,18.2,6
MT2-R4,GGGACGACGGCAATTGCCGGTGCAGGATCTGAATTATCGTCGTCCC,((((((((((..(((.((......)).....)))..)))))))))),Methamphetamine,"10,100",-6.1,2.3,0.7,27.7,6
M1,GGGACGACGGGATGGTAAGTGGTAGGTCGTTGGAATTTCTACTGTATCGTCGTCCC,((((((((((.......(((((....((....))....)))))...)))))))))),Methamphetamine,"5,100",-10.3,-10.7,-3.2,20.0,7
M2,GGGACGACGGGACGGTAAGTGGTAGGTCGTTGGAATTTCTACTGTATCGTCGTCCC,((((((((((.((((((.((..(((....)))..))...)))))).)))))))))),Methamphetamine,"3,600",-9.9,-8.5,-2.5,11.9,4
M3,GGGACGACCGTCCGAGTTTTAGGAGTGGTTGCATTGCGCTGGGAAGAGGTCGTCCC,(((((((((.(((.((.....(.((((....)))).).)).)))...))))))))),Methamphetamine,"4,900",-12.5,-17.9,-5.3,11.6,5
M4,GGGACGACGCACTATGGCTAGGGTTGGTACGGTCGTGAACCGCGGGGTGTCGTCCC,((((((((((.((...((((....)))).((((.....)))).)).)))))))))),Methamphetamine,"12,400",-9.2,-8.9,-2.6,18.3,5
M5,GGGACGACGGCACGGGGTTATTCGTTGGTTGCACTGCGCTGGGAGGCAGTCGTCCC,((((((((.((.(((.((..(.((.....)).)..)).)))....)).)))))))),Methamphetamine,"5,300",-6.2,3.2,0.9,10.2,5
M6,GGGACGACGGGATGGTAAGTGGCAGGTCGTTGGAATTTCTACTGTATCGTCGTCCC,((((((((((.......(((((..(.((....)).)..)))))...)))))))))),Methamphetamine,"4,400",-12.1,-16.4,-4.9,31.2,7
M7,GGGACGACGGCACGAGGTTATTCGTTGGTTGCACTGCGCTGGGAGGTAGTCGTCCC,((((((((.(((((((....)))))........((.(....).)))).)))))))),Methamphetamine,"6,000",-8.6,-5.7,-1.7,20.3,8
M8,GGGACGACGGGGCTCTTACCCTGGAGGGTAGAAGGGGAGGTGTGGTCAGTCGTCCC,((((((((..((((.((((((....))))))..(.(....).))))).)))))))),Methamphetamine,"8,500",-6.5,1.3,0.4,24.6,4
M9,GGGACGACGGCACGTGGTTATTCGTTGGTTGCACTGCGCTGGGAGGCAGTCGTCCC,((((((((.(((.((..(((.....)))..))..)))(((....))).)))))))),Methamphetamine,"6,100",-8.3,-4.1,-1.2,14.3,5
M11,GGGACGACCGGCTGTCTGGATGCATTGCGCCGGGAACTCGGACGGATGGTCGTCCC,((((((((((.((((((((..((.....)).(....))))))))).)))))))))),Methamphetamine,"8,900",-20.7,-46.7,-13.8,13.7,5
M12,GGGACGACCGTCCGAGTTATAGGAGTGGTTGCATTGCGCTGGGAAGAGGTCGTCCC,(((((((((.(((.((.....(.((((....)))).).)).)))...))))))))),Methamphetamine,"7,500",-14.3,-24.8,-7.3,10.8,5
M13,GGGACGACGGCACGAGGTTATTCGTTGGTTGCACTGCGCTGGGAGGAAGTCGTCCC,((((((((..((((((....)))))........((.(....).)))..)))))))),Methamphetamine,"3,300",-10.1,-8.9,-2.6,13.0,8
M14,GGGACGACGGGACGGTAAGTGGCAGGTCGTTGGAATTTCTACTGTATCGTCGTCCC,((((((((((.((((((.((..(((....)))..))...)))))).)))))))))),Methamphetamine,"3,700",-14.5,-24.1,-7.1,26.3,4
M18,GGGACGACGGCACGAGGTTATTCGTTGGTTGCACTGCGCTGGGAGGCAGTCGTCCC,((((((((.(((.(((....)))((.....))..)))(((....))).)))))))),Methamphetamine,"7,000",-7.0,-0.1,0.0,15.0,5
M20,GGGACGACGGCACGAGGTTAATCGTTGGTTGCACTGCGCTGGGAGGCAGTCGTCCC,((((((((.(((.((......))((.....))..)))(((....))).)))))))),Methamphetamine,"6,400",-6.8,0.7,0.2,15.8,6
M21,GGGACGACGGCACGAGGTAATTCGTTGGTTGCACTGCGCTGGGAGGCAGTCGTCCC,((((((((.(((....(((((......)))))..)))(((....))).)))))))),Methamphetamine,"6,900",-6.7,0.8,0.2,16.4,6
ML1,TTCAAATCTGAGCAGCCTAGTTACTGACGGGTTTATAGTACTCGCATTGAGTCTAGATTTGAA,.(((((((((...(((((..(....)..)))))......(((((...))))).))))))))).,Methamphetamine,"3,290",-42.8,-119.2,-35.3,10.4,6
ML2,TTCAAATCTGGTGCCCTTTCGCAGTCGGTTGGTAATGAGACCACTTTAGAGTCTAGATTTGAA,.(((((((((((((......)))...((((........))))..........)))))))))).,Methamphetamine,"4,440",-31.4,-81.4,-24.1,2.4,10
ML3,TTCAAATCTTATGTACGTTCTATCGCATGGATGGGATTTTGGGTTACCTAGTCTAGATTTGAA,.((((((((......(((((........)))))(((((..((....)).))))))))))))).,Methamphetamine,"1,540",-12.7,-16.2,-4.8,13.3,8
ML4,TTCAAATCTTGGTACGTTCTGCCTTTTCTTATTTTGCTTTGGGTTACCTAGTCTAGATTTGAA,.((((((((.((((.....))))............(((..((....)).)))..)))))))).,Methamphetamine,"2,530",-19.2,-39.2,-11.6,8.8,12
ML5,TTCAAATCTATGGTGCAGTGCGCAGGGACGGAGGTAAAACATGAGTTTTAGTCTAGATTTGAA,.(((((((((..((((...))))...........((((((....))))))...))))))))).,Methamphetamine,"1,550",-13.1,-17.8,-5.3,25.0,11
ML6,TTCAAATCTGAGCAGCCTAGTTACTGACGGGTTTATAGTACTCGCATCGAGTCTAGATTTGAA,.(((((((((...(((((..(....)..)))))......(((((...))))).))))))))).,Methamphetamine,"2,090",-41.6,-114.5,-33.9,8.7,6
ML7,TTCAAATCTGGTGCCCTTTCGCAGTCGGTTGGTAATGAGATCACTTTAGAGTCTAGATTTGAA,.(((((((((((((......))....((((........))))......)...)))))))))).,Methamphetamine,"1,290",-24.6,-56.0,-16.6,13.0,8
ML8,TTCAAATCTCCACGCTGGACTGGATGCAATGCGCCGGGATATCGTCTAAAGTCTAGATTTGAA,.((((((((..((..(((((.....((.....))..((...)))))))..))..)))))))).,Methamphetamine,"7,980",-9.8,-9.8,-2.9,0.0,5
ML10,TTCAAATCTGAGCAGCCTAGTTACTGACGGGTTTATAGTACTCACATTGAGTCTAGATTTGAA,.(((((((((...(((((..(....)..)))))......(((((...))))).))))))))).,Methamphetamine,"1,880",-40.0,-109.0,-32.3,5.5,6
ML11,TTCAAATCTGAGCAGCCTAGTTACTGACGGGTTTATAGTACTCGTATTGAGTCTAGATTTGAA,.(((((((((..(((........)))((((((.......))))))........))))))))).,Methamphetamine,"2,450",-43.0,-119.5,-35.4,8.8,8
ML12,TTCAAATCTGCGGCGACTAATTCTTAGTGGTGGTTGCAATGCGCTGGGATGAGTCTAGATTTGAA,.((((((.((((((.((((........)))).)))))).....(((((.....))))))))))).,Methamphetamine,"5,670",-7.2,-0.3,-0.1,8.7,8
ML13,TTCAAATCTGAGCAGCCTAGTTACTGACGGGTTTATAGTACTCGCACTGAGTCTAGATTTGAA,.(((((((((...(((((..(....)..)))))......(((((...))))).))))))))).,Methamphetamine,"7,010",-34.5,-92.9,-27.5,8.6,6
FX1,GGGACGACGGCCCCTTTTAAGGAGGTAGAGGTGTTCGCTGTCGTCCC,(((((((((((.((((.....))))..(((...)))))))))))))),Flunixin,280,-11.8,-10.0,-3.0,0.0,5
FX2,GGGACGACTGGGGGTAGGTAAGGTTGGTTCTTGTGAGGTCGTCCC,(((((((((.((((..............))))....))))))))),Flunixin,25600,-6.4,-0.8,-0.2,0.0,14
FX3,GGGACGACGGCCCCTTTTAGGAGGTAGAGGTGTTCGCTGTCGTCCC,(((((((((((.(((((........))))).....))))))))))),Flunixin,340,-16.6,-27.0,-8.0,0.0,8
FX4,GGGACGACGGTACCCGGCGACCTTTAGATGGAGGTGATGTCGTCCC,(((((((((..(((.(....)((......)).)))..))))))))),Flunixin,570,-24.6,-55.0,-16.3,0.0,6
FX5,GGGACGACGGTACCCGGCGATCTTTAGTTGGAGGTAGGGTCGTCCC,((((((((..((((...((((.....))))..))))..)))))))),Flunixin,420,-24.4,-53.0,-15.7,0.0,5
FX6,GGGACGACGGGCAGGGGTGGTCGCGGTAGGTGATGGTCGTCGTCCC,((((((((((((....)).(((((.....)))))..)))))))))),Flunixin,6900,-23.8,-57.0,-16.9,0.0,5
FX10,GGGACGACGGCCGGTGTAGGGGGTAGGGTTTGGCCGCTGTCGTCCC,((((((((((((......)).(((........))).)))))))))),Flunixin,2700,-6.1,4.8,1.4,0.0,8
FX11,GGGACGACGGGATGGTGTTGTATGGATTGGCAGGTGCTGTCGTCCC,((((((((((.((..(((((.......))))).)).)))))))))),Flunixin,4600,-15.4,-28.0,-8.3,0.0,7
FX19,GGGACGACAGTAGGGGTGTAGGGGTGGTTGGACTCTCTGTCGTCCC,((((((((((...((((.(((......))).)))).)))))))))),Flunixin,4500,-16.1,-30.0,-8.9,0.0,6
FX35,GGGACGACGGCCCCTTTAAGGAGGTAGAGGTGTTCGCTGTCGTCCC,(((((((((((.((((((......)))))).....))))))))))),Flunixin,510,-18.5,-34.0,-10.1,0.0,6
FX40,GGGACGACGGCCCCCGGAGAGGAGGTAGAGGTGTTCGCTGTCGTCCC,(((((((((((..((.....)).....(((...)))))))))))))),Flunixin,250,-16.6,-26.0,-7.7,0.0,5
FX46,GGGACGACGGCCCCTTTCAAGGAGGTAGAGGTGTTCGCTGTCGTCCC,(((((((((((.((((.....))))..(((...)))))))))))))),Flunixin,340,-12.1,-11.0,-3.3,0.0,5
Fxa,GGGACGACATGTTGCGCGTTGATGGTTGGTTACTTCATGTCGTCCC,(((((((((((.((..((........))..))...))))))))))),Flunixin,6900,-37.0,-101.0,-29.9,0.0,8
FXb,GGGACGACAGTAGGGGTGTAGGGGTGGTTGGACTCACTGTCGTCCC,((((((((((...((((.(((......))).)))).)))))))))),Flunixin,9500,-17.4,-36.0,-10.7,0.0,6
FXc,GGGACGACGGCCCCAGTGAGGAGGTAGAGGTGTTCGCTGTCGTCCC,(((((((((((.((.....)).....(((...)))))))))))))),Flunixin,4700,-9.4,-7.4,-2.2,0.0,5
FXd,GGGACGACGGTGTGGGGGTAGGGGGTGTGGGAAGCGGCGTCGTCCC,(((((((((.(((....................))).))))))))),Flunixin,27400,-8.5,-7.7,-2.3,0.0,20
FXe,GGGACGACTGGGGGTTGGTAAGGTTAGGTTCTTGTGAGGTCGTCCC,(((((((((.((((...............))))....))))))))),Flunixin,6700,-14.2,-24.0,-7.1,0.0,15
FXf,GGGACGACGGTACCCGGCGATCTTTAGTTGGAGGTTTGGTCGTCCC,((((((((.(...(((((........))))).....).)))))))),Flunixin,4000,-24.4,-58.0,-17.2,0.0,8
FUB1,GGGACGACGGAAGGGTGTGCTGCGGTTTGGCTTCTGGCGTCGTCCC,(((((((((...(((...(((.......))).)))..))))))))),AB-Fubinaca,225,-19.5,-35.4,-10.5,6.5,7
FUB2,GGGACGACCTAGGGCTTGGGTTTAGGTGTGGGGTGTTGGGTCGTCCC,((((((((((((.((((.(..(...)..).)))).)))))))))))),AB-Fubinaca,70,-22.0,-41.2,-12.2,6.3,3
FUB4,GGGACGACGGGGGGCTTTAGGGTGTAGGAGTGGGGTGAGTCGTCCC,((((((((.....(((((........))))).......)))))))),AB-Fubinaca,138,-23.4,-47.3,-14.0,3.7,8
FUB5,GGGACGACGGAGGTGTAGGGTTTAGGTAGTGGTTTGAAGTCGTCCC,((((((((...((..((..(......)..))..))...)))))))),AB-Fubinaca,163,-31.6,-75.7,-22.4,14.8,6
FUB6,GGGACGACGGAGGTTTAGGGTTTAGGTAGTGGGTTGAAGTCGTCCC,((((((((...((..((..(......)..))..))...)))))))),AB-Fubinaca,54,-31.0,-71.6,-21.2,10.3,6
FUB12,GGGACGACTAGGGCTTAGGGTTTAGGTGTGGGGTGTAAGTCGTCCC,(((((((((.(.(((..(.(......).)..))).).))))))))),AB-Fubinaca,131,-19.1,-32.8,-9.7,13.4,6
FUB20,GGGACGACAGAGGTTAGGTGTAGGTTTTTGGGTCCTGTCGTCCC,((((((((((.(.(((((........))))).).)))))))))),AB-Fubinaca,137,-28.7,-65.5,-19.4,5.2,8
FUB21,GGGACGACGGAGGTGTAGGGTTTAGGTAGTGGGTTGAAGTCGTCCC,((((((((...((..((..(......)..))..))...)))))))),AB-Fubinaca,57,-29.4,-66.1,-19.6,15.5,6
AMB1,GGGACGACGCCGGCTTTTAGGGGGGGTGTGGGTGGCGAGTCGTCCC,((((((.(((((.((..............)).)))))...)))))),AB-Fubinaca,4100,-7.3,0.0,0.0,2.8,14
AMB2F,GGGACGACTAGCGGTGTTGGTCGGAGTGGTGGAATCTAGTCGTCCC,(((((((((((.....((..(((...)))..))..))))))))))),AB-Fubinaca,411,-11.8,-10.5,-3.1,6.6,5
AMB2P,GGGACGACGGCAGGGTGTTGGTGGGGTAGGTCAATGTAGTCGTCCC,((((((((.(((..(..(((......)))..)..))).)))))))),AB-Fubinaca,4290,-8.4,-3.9,-1.1,11.1,6
AMB3,GGGACGACGCCGGCTTCTAGGGGGGGTGTGGGTGGCGAGTCGTCCC,((((((((..((.(.((((.(.....).)))).).)).)))))))),AB-Fubinaca,4690,-7.5,-0.8,-0.2,5.1,5
AMB5,GGGACGACACGTGTGGCTGGTAGGGTAGGTCTTGTCGCGTCGTCCC,((((((((.((...((((.........))))....)).)))))))),AB-Fubinaca,13900,-16.8,-34.4,-10.2,45.0,9
FUB3,GGGACGACGGGGGGCTAGGGTGTAGGTAGTGGGGTGAGTCGTCCC,((((((((.....(((..(.((....)).)..)))..)))))))),AB-Fubinaca,420,-16.5,-26.5,-7.8,0.0,5
FUB7,GGGACGACGGGAGCTGGAAGGTTTCGCGTAGGGTGGTAGTCGTCCC,((((((((.((((((....))))))((.....))....)))))))),AB-Fubinaca,1760,-16.7,-30.2,-8.9,0.0,5
FUB8,GGGACGACAGGGGGTGTGGTTTAGGCCTGGGGGTGAATGTCGTCCC,(((((((((...((......))..(((....)))...))))))))),AB-Fubinaca,111,-19.1,-32.6,-9.6,0.0,6
FUB9,GGGACGACGGAAGGGTGTGCTGCGGTTCGGCTTCTGGCGTCGTCCC,(((((((((...(((...((((.....)))).)))..))))))))),AB-Fubinaca,1030,-11.6,-11.6,-3.4,0.0,5
FUB10,GGGACGACGGGGGGTCTAGGGTGTAGGTAGTGGGGTGAGTCGTCCC,((((((((....(.((((..(......)..)))).)..)))))))),AB-Fubinaca,172,-16.4,-24.4,-7.2,0.0,6
FUB11,GGGACGACCGCAGGCTTGGGTGTACGGGTAGGGGTAAGGTCGTCCC,(((((((((....((((..(........)..))))..))))))))),AB-Fubinaca,379,-13.6,-16.4,-4.9,0.0,8
FUB13,GGGACGACGGAGGGGTGTGCTGCGGTTTGGCTTCTGGCGTCGTCCC,(((((((((.((((((..((....))...))))))..))))))))),AB-Fubinaca,546,-15.4,-23.3,-6.9,0.0,4
FUB14,GGGACGACGGAAGGGTGTGCCGCGGTTTGGCTTCTGGCGTCGTCCC,(((((((((...(((...((((.....)))).)))..))))))))),AB-Fubinaca,1790,-12.5,-15.8,-4.7,0.0,5
FUB15,GGGACGACGGAAGGGTGTGCTGCGGTCTGGCTTCTGGCGTCGTCCC,(((((((((...(((...(((.......))).)))..))))))))),AB-Fubinaca,3920,-7.2,0.4,0.1,0.0,7
FUB16,GGGACGACCAGGGGTCAGGGTTTAGGTGTGGGGTGTAGGTCGTCCC,(((((((((.(.(.((.(.(......).).)).).).))))))))),AB-Fubinaca,571,-19.0,-35.6,-10.5,0.0,6
FUB18,GGGACGACCAGGGCTTTGGGTTTAGGTGTGGGGTTTAGGTCGTCCC,(((((((((.((((((((.(......).)))))))).))))))))),AB-Fubinaca,649,-22.0,-45.9,-13.6,0.0,6
FUB22,GGGACGACCTAGGGCTTGGGTTTAGGTGTGGGGTGTAAGTCGTCCC,((((((((.((.(.((((.(......).)))).).)).)))))))),AB-Fubinaca,205,-18.5,-31.9,-9.4,0.0,6
FUB23,GGGACGACGGAGGGTTAGGGTTTAGGTAGTGGGTTGAAGTCGTCCC,((((((((...((.(((..(......)..))).))...)))))))),AB-Fubinaca,103,-30.1,-69.5,-20.6,0.0,6
FUB24,GGGACGACGGAGGTTTAGGGTCTAGGTAGTGGGTTGAAGTCGTCCC,((((((((...((..((..(......)..))..))...)))))))),AB-Fubinaca,11260,-3.5,10.9,3.2,0.0,6
FUB25,GGGACGACGGAGGTTTAGGGTTTAGGTAGTGGTTTGAAGTCGTCCC,((((((((...((..((..(......)..))..))...)))))))),AB-Fubinaca,258,-26.6,-59.8,-17.7,0.0,6
FUB27,GGGACGACGGGGGGCTTTAGGGCGTAGGAGTGGGGTGAGTCGTCCC,((((((((.....(((((........))))).......)))))))),AB-Fubinaca,3270,-14.5,-23.8,-7.0,0.0,8
FUB28,GGGACGACGGGGGGCTTTAGGGTGTAGGAGTGGGGTGGGTCGTCCC,((((((((.....(((((........))))).......)))))))),AB-Fubinaca,9620,-6.5,0.9,0.3,0.0,8
AMB7,GGGACGACGCCGGCTTTTAAGGGGGGGTGTGGGTGGCGAGTCGTCCC,((((((.(((((.((...............)).)))))...)))))),AB-Fubinaca,3610,-14.2,-23.1,-6.8,0.0,15
AMB25,GGGACGACTAGCGGTGTTGGTCGGGGTGGTGGAATCTAGTCGTCCC,(((((((((..(((......)))((((......))))))))))))),AB-Fubinaca,510,-11.1,-8.7,-2.6,0.0,6
AB1-53,TTCAAATCTAGCGCAGGTAGGGGTGTAGGTGTGGGGGTAAGTCTAGATTTGAA,.((((((((.((((........))))........(((....))))))))))).,AB-Fubinaca,24,-30.2,-66.9,-19.8,6.3,8
AB2-53,TTCAAATCTAGCGCAGGTAGGGGTGTAGGCGTGGGGGTAAGTCTAGATTTGAA,.(((((((((((((........)))).(((..........)))))))))))).,AB-Fubinaca,53,-20.9,-37.0,-11.0,5.0,10
AB3-53,TTCAAATCTGGCGCAGGTAGGGGTGTAGGTGTGGGGGTAAGTCTAGATTTGAA,.((((((((.((((........))))........(((....))))))))))).,AB-Fubinaca,20,-23.7,-45.0,-13.3,8.2,8
AB4-53,TTCAAATCTCGCGCAGGTAGGGGTGTAGGTGTGGGGGTAAGTCTAGATTTGAA,.(((((((((((((..(........)..))))).(((....))))))))))).,AB-Fubinaca,40,-27.9,-60.0,-17.8,4.5,8
LA1,TTCAAATCTGGCGTTCGGGTTTGTCTTATTGATGGATCAAGTCTAGATTTGAA,.((((((((((......((((((((.....))))))))....)))))))))).,AB-Fubinaca,629,-21.6,-45.0,-13.3,2.7,6
LA3,TTCAAATCTGATCAGGTATCCGCCGTGTGCATTGTCGACAGTCTAGATTTGAA,.(((((((((....(((....)))((..((...))..))....))))))))).,AB-Fubinaca,941,-23.1,-50.0,-14.8,0.0,4
LA5,TTCAAATCTTGCGAATTGGACTCAGAATGTGGGTTTGCCAGTCTAGATTTGAA,.((((((((.((.....(((((((.....)))))))....))..)))))))).,AB-Fubinaca,998,-19.1,-37.0,-11.0,3.0,5
LA10,TTCAAATCTCACGGTGTTCTGACCTTAATGGGACTATTTAGTCTAGATTTGAA,.((((((((...(((......)))......(((((....))))))))))))).,AB-Fubinaca,788,-17.9,-33.0,-9.8,0.0,6
LA13,TTCAAATCTGGATGCTCGGGTTCGTACGTGTATGGATTAAGTCTAGATTTGAA,.((((((((((((.....((((((((....))))))))..)))))))))))).,AB-Fubinaca,1740,-23.9,-54.0,-16.0,0.0,5
LA17,TTCAAATCTCGGTTTCACTGGGTTGCTAGACGCGCTGGGAGTCTAGATTTGAA,.((((((((((((...))))))...((((((.(.....).)))))))))))).,AB-Fubinaca,715,-14.2,-20.0,-5.9,0.0,5
LA45,TTCAAATCTGGATGCTCGGGTTTGTGTTCACATGGATCAAGTCTAGATTTGAA,.((((((((((((.....((((((((....))))))))..)))))))))))).,AB-Fubinaca,967,-23.4,-52.0,-15.4,0.0,5
LA52,TTCAAATCTGGCGTAATTGTCCAATGTACCCGCCGGCACAGTCTAGATTTGAA,.((((((((((((..(((....))).....))))(((...))).)))))))).,AB-Fubinaca,2830,-27.9,-69.0,-20.4,0.0,5
HM1,GGGACGACGGGATTCGGATCGTGGAACAGTGCCTCGTCGTCGTCCC,(((((((((((((....)))(.((.......)).).)))))))))),Heroin,850,-29.4,-71.5,-21.2,11.1,7
HM2,GGGACGACGCGTAGGTTTCCTAGCTGTGCGTCGTTCAAGTCGTCCC,.(((((((((((((.(.....).)))))))))))))..........,Heroin,4570,-19.0,-39.8,-11.8,0.4,10
HM4,GGGACGACTAGCCCGGCGTTGTTCGAGTGCAGCGAGTAGTCGTCCC,((((((((((......((((((......))))))..)))))))))),Heroin,2390,-15.8,-27.6,-8.2,1.5,6
HM5,GGGACGACTAGCCGTGGCGTTGTCCGAACCAGTGAGTAGTCGTCCC,((((((((((((....))(((.....))).......)))))))))),Heroin,2610,-15.6,-27.0,-8.0,2.9,7
HM7,GGGACGACAGGGCACGTCTCGGCATCGAGGGTTTCGCGGTCGTCCC,((((((((.(.(....(((((....)))))....).).)))))))),Heroin,4740,-17.7,-35.4,-10.5,1.7,4
HM9,GGGACGACGGGAAGGTTGGCAGCGCATCGTCGGGTCACGTCGTCCC,(((((((((.((...(((((........))))).)).))))))))),Heroin,2400,-21.1,-45.6,-13.5,3.0,8
HM10,GGGACGACGAGGGCACGTCTGTGTGCAGGGTTTCGCGCGTCGTCCC,(((((((((...(((((....)))))...((...)).))))))))),Heroin,3760,-19.3,-40.4,-12.0,9.6,4
HM11,GGGACGACGCGTAGGTCTCCTAGCTGTGCGTCGTTCAAGTCGTCCC,.(((((((((((((.(.....).)))))))))))))..........,Heroin,4350,-15.7,-28.6,-8.5,2.6,10
HM14,GGGACGACGCGTACCTGTGGTAGTTGTACGTCGTTCAAGTCGTCCC,((((((((.(((((...........)))))........)))))))),Heroin,4130,-14.8,-25.4,-7.5,2.2,11
HM15,GGGACGACGCGTAGGTTCCCTAGCTGTGCGTCGTTCAAGTCGTCCC,.(((((((((((((.(.....).)))))))))))))..........,Heroin,3400,-15.9,-28.6,-8.5,3.2,10
HM16,GGGACGACCGTTGGCGAGTGTGTCCGGGGACTACAGGGGTCGTCCC,(((((((((.(((((....))(((....)))..))).))))))))),Heroin,1610,-15.1,-24.6,-7.3,3.1,4
HM20,GGGACGACATGCGTCGAAAAGACCCCTGAGGGCAGCTGGTCGTCCC,((((((((..(((((.....)))(((...)))..))..)))))))),Heroin,1110,-16.5,-28.3,-8.4,2.4,5
HM22,GGGACGACGCGTACTTCCAGTAGCCGTGCGTCGTTCAAGTCGTCCC,((((((((.(((((...........)))))........)))))))),Heroin,4080,-15.1,-26.5,-7.8,1.0,11
HM23,GGGACGACTAGCCGCGCGTTGTCCGACCCTTGGAAGTAGTCGTCCC,((((((((((.(((.(.(((....))).).)))...)))))))))),Heroin,3110,-14.2,-22.6,-6.7,3.8,4
HM24,GGGACGACAAGTACCAAGGGTAGCTCTGCGTTGTTCGAGGTCGTCCC,((((((((...((((...)))).(((..........))))))))))),Heroin,2180,-13.9,-21.1,-6.2,4.7,10
HM25,GGGACGACGGGGCTGTGGGAGGGGGTTCATGGGTCCCGGTCGTCCC,((((((((.(((..(((((......)))))....))).)))))))),Heroin,6490,-16.7,-32.7,-9.7,8.5,6
HM29,GGGACGACTAGCGCATGCGTTGTTCGAGGATACGAGTAGTCGTCCC,(((((((((((((....)))..((((......)))))))))))))),Heroin,2670,-14.7,-24.0,-7.1,1.3,6
HM30,GGGACGACCGTTGTTCGAGCCTTGAGTACCATTGGTAGGTCGTCCC,(((((((((....(((((...)))))((((...))))))))))))),Heroin,2280,-15.8,-27.4,-8.1,0.4,4
HM31,GGGACGACGCGTACCATGGGTAGTTGCACGTCGTCCAAGTCGTCCC,((((((((..(.((.(((.((....)).))).)).)..)))))))),Heroin,5620,-15.7,-28.9,-8.6,1.3,4
HM31.2,GGGACGACTAGCTGGTGCGTTGTCCGAAGTCATGAGTAGTCGTCCC,((((((((((((....))..((.(....).))....)))))))))),Heroin,3310,-15.1,-26.0,-7.7,9.8,4
HM41,GGGACGACTAGCCCTAGCGTTGTTCGAGTCCATGAGTAGTCGTCCC,((((((((((((....))....((((......)))))))))))))),Heroin,3310,-15.8,-28.4,-8.4,2.7,6
HM116,GGGACGACTAGCCGTGGCGTTGTTCGAGTGCAGCGAGTAGTCGTCCC,((((((((((((....))(((((......)))))...)))))))))),Heroin,2110,-14.7,-23.5,-7.0,2.6,6
HM426,GGGACGACGCGTACCTGTGGTAGTCGTACGTCGTTCAAGTCGTCCC,((((((((..(((((...))))(.(....).)...)..)))))))),Heroin,4520,-14.8,-25.5,-7.5,1.3,4
OM1,GGGACGACAAGTCAGGCCTGTCTCAGCGAGTTCGACATGTCGTCCC,(((((((((.(((.(((.(((....))).))).))).))))))))),Oxycodone,450,-26.5,-60.3,-17.8,4.7,4
OM2,GGGACGACGGCTTAGCAAAGCTAGTAGGGGTCCACGCTGTCGTCCC,((((((((((((((((...)))))..((...))..))))))))))),Oxycodone,900,-16.8,-29.1,-8.6,3.8,3
OM3,GGGACGACTGGCGCCGGATTCCCTAAGGTACACGGACTGTCGTCCC,((((((((.(...(((....((....))....))).).)))))))),Oxycodone,3060,-24.4,-57.2,-16.9,2.8,4
OM4,GGGACGACGAGTGCGGGGAGTGTGTTTCTGTGGGGGTCGTCGTCCC,((((((((((.(.((.((((.....)))).))..).)))))))))),Oxycodone,990,-12.8,-15.7,-4.6,1.7,5
OM5,GGGACGACCCGTAGGGGTACACGCTCTATAGGGGCTGGGTCGTCCC,(((((((((((((....)))..(((((...))))).)))))))))),Oxycodone,410,-12.3,-12.4,-3.7,4.6,4
OM6,GGGACGACCCGTAGGGGTACACGCTCTATGGGGGCTGGGTCGTCCC,(((((((((((((....)))..(((((...))))).)))))))))),Oxycodone,500,-14.8,-21.0,-6.2,2.9,4
OM7,GGGACGACATCGTAGGGGCACACGCTTAACGGGCTGATGTCGTCCC,((((((((((((..(.....)..(((.....))))))))))))))),Oxycodone,1420,-22.0,-47.5,-14.1,4.1,5
OM8,GGGACGACGCAGCAGTCCATCTCTCAGCGAGTTCGTCAGTCGTCCC,((((((((...((.......(((.....)))...))..)))))))),Oxycodone,2220,-14.8,-24.2,-7.2,4.7,7
OM9,GGGACGACTACGTAGCCCTGTCTCAGCGAGTTCGCGGAGTCGTCCC,(((((((((..(..((...))..).(((....)))..))))))))),Oxycodone,1150,-25.3,-58.3,-17.3,1.9,4
OM10,GGGACGACAGAGTAGGCCTGTCTCAGCGAGTTCGCTATGTCGTCCC,((((((((((((.........)))((((....)))).))))))))),Oxycodone,1060,-21.9,-46.5,-13.8,0.0,9
OM11,GGGACGACGGCTTGCATTGAGCAGAAGGGGTACACGCTGTCGTCCC,(((((((((((((((.....))))..(.....)..))))))))))),Oxycodone,790,-14.8,-22.2,-6.6,5.5,5
OM12,GGGACGACATGGGATACGAACTCGTTTGGATGTGGTGTGTCGTCCC,(((((((((((..((.((((....))))...))..))))))))))),Oxycodone,2900,-18.9,-38.4,-11.4,0.0,4
OM13,GGGACGACGCGCATGTGGTGTCGGTCAGATGGGATGAAGTCGTCCC,((((((((.(.(((.(((......))).))).).....)))))))),Oxycodone,3700,-16.5,-30.8,-9.1,10.7,6
OM14,GGGACGACGGATTGCGCTTGCTAACGCCGTGTAGAGTCGTCGTCCC,((((((((((.((((((..((....)).))))))..)))))))))),Oxycodone,2160,-36.1,-95.9,-28.4,0.5,4
OM15,GGGACGACCGGACTTGGGTGGGTGCTGGGGCTTGGGCGGTCGTCCC,((((((((((..((.((.(..(...)..).)).)).)))))))))),Oxycodone,1690,-22.5,-49.7,-14.7,3.3,3
OM16,GGGACGACGGGGGGAGTAATGTTTGTGTGGGGGAGCCGGTCGTCCC,((((((((.((.......((......)).......)).)))))))),Oxycodone,1190,-10.0,-6.8,-2.0,2.6,7
OM17,GGGACGACGGGATGTGGTGTCAGTCATGATGGGATCAAGTCGTCCC,((((((((..(((.(...((((....)))).).)))..)))))))),Oxycodone,3650,-17.4,-33.9,-10.0,4.4,4
OM19,GGGACGACCGCGTAGGGGAACACGCTTGCAGGGCTGAGGTCGTCCC,(((((((((((((........))))...((....)).))))))))),Oxycodone,2430,-13.6,-20.1,-5.9,1.1,8
OM20,GGGACGACAAGTCAGGTCTGTCTCAGCGAGTTCGACATGTCGTCCC,(((((((((.(((.((..(((....)))..)).))).))))))))),Oxycodone,2160,-12.9,-17.7,-5.2,0.0,4
OM22,GGGACGACGGGGGGAGTTTGTTTGTGTGGGAGGGTCCAGTCGTCCC,((((((((....(((.(((.((.....)).))).))).)))))))),Oxycodone,1750,-10.3,-8.5,-2.5,7.5,5
OM25,GGGACGACGGCCATGGGATTGTCTAATGTGGTGTGGAAGTCGTCCC,((((((((..(((((..((........))..)))))..)))))))),Oxycodone,6290,-19.3,-41.3,-12.2,0.0,8
OM28,GGGACGACGCGTGGGATACCTTTTGGGATGTGGTGCACGTCGTCCC,(((((((((.(((..((.((....))...))..))).))))))))),Oxycodone,6130,-19.0,-40.3,-11.9,0.0,4
OM29,GGGACGACTGAGTAGGCCTGTCTCAGCGAGTTCACTATGTCGTCCC,((((((((..(((..((.(((....))).))..)))..)))))))),Oxycodone,510,-25.7,-57.9,-17.1,0.0,4
OM31,GGGACGACATGGGATGGAGCTATGCGAGCATGTGGTGTGTCGTCCC,(((((((((((..(((..(((.....))).)))..))))))))))),Oxycodone,3190,-17.6,-34.4,-10.2,7.4,5
OM36,GGGACGACATGGGATACCAGAGTCCTGGGATGTGGTGTGTCGTCCC,(((((((((((..((.((((....))))...))..))))))))))),Oxycodone,2770,-18.4,-36.6,-10.8,0.9,4
M2.2,GGGACGACTAGTGCCTTCGCGTTGTACGGGAATCCGGTTCTGTCGTCCC,((((((((....(((.((.(((...))).))....)))...)))))))),Morphine,1300,-30.0,-74.3,-22.0,11.8,4
H9,GGGACGACGGGGATTCGGTCTTGGTACATAGGGGCCTCGTACGTCGTCCC,(((((((((...((..((((((........))))))..)).))))))))),Morphine,1400,-28.0,-67.6,-20.0,0.0,8
H11,GGGACGACGGGGATTCGCGGATTCGGAGAAAAGGGCTCGTACGTCGTCCC,(((((((((((...))((((..((........))..)))).))))))))),Morphine,2300,-28.3,-69.8,-20.7,5.2,8
H12,GGGACGACGGGGATTCGGTTCGTGATCAACAGTGCCTCGTACGTCGTCCC,(((((((((...((..(((..((.....))...)))..)).))))))))),Morphine,1300,-29.4,-72.2,-21.4,0.0,5
H17,GGGACGACCAGGATTCGGTTCGGAAAGTCCAGTGCCTCGTTGGTCGTCCC,(((((((((((.....(((..(((...)))...)))...))))))))))),Morphine,3100,-36.7,-98.6,-29.2,13.9,5
H20,GGGACGACCAGGATTCGGTTCTTTGTAAATAGTGCCTCGTTGGTCGTCCC,(((((((((((.....(((.((........)).)))...))))))))))),Morphine,1800,-35.0,-91.8,-27.2,13.1,8
M25,GGGACGACTACAGGTCGTGCGTCGCTCGAGTTGGTGAGTGTGTCGTCCC,((((((((..(((.(((.((...)).))).)))........)))))))),Morphine,3500,-19.6,-41.0,-12.1,8.1,8
M2,GGGACGACTACAGGTCGTGCGTTGCTCGAGTTGGTGAGTGTGTCGTCCC,((((((((..(((.(((.((...)).))).)))........)))))))),Morphine,21300,-25.4,-64.4,-19.1,0.0,8
H15,GGGACGACAGGGATTCGGTCTTGGTACATAGGGGCCTCGTCTGTCGTCCC,(((((((((((.....((((((........))))))...))))))))))),Morphine,1100,-30.2,-74.4,-22.0,11.9,8
H32,GGGACGACAGGGATTCGGTCTTGGAACAAAGGGGCCTCGTCTGTCGTCCC,(((((((((((.....((((((........))))))...))))))))))),Morphine,1100,-29.4,-71.9,-21.3,10.8,8
H39,GGGACGACGGGGATTCGCGGATTCATAGAAAAGGGCTCGTCCGTCGTCCC,((((((((..(((((....)))))........(((....))))))))))),Morphine,2500,-29.3,-73.4,-21.7,1.8,8
M1,GGGACGACTAGTGCCTTCGCGTTGTTCGGGAATCCGGTTCTGTCGTCCC,((((((((....(((.((.((.....)).))....)))...)))))))),Morphine,4400,-31.5,-81.8,-24.2,13.8,5
M12,GGGACGACTAGTGCCTTCGCGCTGTGCGGGAATCCGGTTCTGTCGTCCC,((((((((((((((....))))))..(((....))).....)))))))),Morphine,6600,-31.8,-83.9,-24.8,12.6,5
M19,GGGACGACTAGTGCCTTCGTGTTGTTCAGGAATCCGGTTCTGTCGTCCC,((((((((....(((.((.((.....)).))....)))...)))))))),Morphine,3500,-35.3,-94.2,-27.9,15.4,5
HM1-4-FEN1,GGGACGACGGGGATTCGGTTCGTCATTTGGCAGTGCCTCGTCTGTCGTCCC,((((((((...(((..(((..(((....)))...)))..))).)))))))),Morphine,9300,-28.1,-71.9,-21.3,3.2,4
HMR10.16,GGGACGACGGGGATTCGCGGATTCATGGAAAAGGGCTCGTCTGTCGTCCC,(((((((((((((((....)))))((((........)))))))))))))),Morphine,20600,-26.5,-68.2,-20.2,2.2,8
HM1-10-FEN1,GGGACGACGGGGATTCGGTTCGTCATTTGGCAGTGCCTCGTACGTCGTCCC,(((((((((...((..(((..(((....)))...)))..)).))))))))),Morphine,1500,-28.9,-70.9,-21.0,6.8,4
HM4-11-FEN1,GGGACGACTAGTGCCTTCGTGTTGTTCGGGAATCCGGTTCTGTCGTCCC,((((((((....(((.((.((.....)).))....)))...)))))))),Morphine,1900,-30.3,-76.3,-22.6,10.5,5
HM4-12-FEN1,GGGACGACTAGTGCCTTCGCGTTGTTCGGGAATCCGGTTCCGTCGTCCC,((((((((..(((....)))........(((((...))))))))))))),Morphine,19500,-30.0,-79.7,-23.6,4.0,8
HM1-16-FEN1,GGGACGACAGGGATTCGGTTCTCGATAAGTAGTGCCTCGTACGTCGTCCC,((((((((.((((......))))........((((...)))))))))))),Morphine,13300,-28.1,-72.6,-21.5,2.7,8
HM4-21-FEN1,GGGACGACTAGTGCCTTCGCGTTGTTCAGGAATCCGGTTCTGTCGTCCC,((((((((..(((....)))........(((((...))))))))))))),Morphine,13800,-33.5,-91.2,-27.0,10.6,8
HM1-22-FEN1,GGGACGACAGGGATTCGCGGATTCGGAGAAAAGGGCTCGTACGTCGTCCC,((((((((..(((((....))))).(((.......)))....)))))))),Morphine,22200,-26.9,-69.6,-20.6,2.9,7
HM10.1,GGGACGACGGGGATTCGGTTCTCGATAAGTAGTGCCTCGTACGTCGTCCC,(((((((((...((..(((.((........)).)))..)).))))))))),Morphine,1750,-26.1,-61.8,-18.3,0.0,8
HM10.2,GGGACGACGGGGATTCGGTTCGTGTCTAACAGTGCCTCGTACGTCGTCCC,(((((((((...((..(((..((.....))...)))..)).))))))))),Morphine,2020,-26.0,-61.8,-18.3,0.0,5
HM10.3,GGGACGACGGGGATTCGGTTCGCGATGAGCAGTGCCTCGTACGTCGTCCC,(((((((((...((..(((..((.....))...)))..)).))))))))),Morphine,1590,-24.9,-57.4,-17.0,0.0,5
HM10.4,GGGACGACGGGGATTCGGTTCGTGTTCAGCAGTGCCTCGTCCGTCGTCCC,(((((((((((.....(((...(((...)))..)))...))))))))))),Morphine,1200,-25.4,-58.8,-17.4,0.0,5
HM10.5,GGGACGACGGGGATTCGGTTCGTGATTAGCAGTGCCTCGTCCGTCGTCCC,(((((((((((.....(((..((.....))...)))...))))))))))),Morphine,1010,-24.4,-54.7,-16.2,0.0,5
HM10.6,GGGACGACAGGGATTCGGTTCGTGGTTAACAGTGCCTCGTCTGTCGTCCC,(((((((((((((......))(.(((.......))).).))))))))))),Morphine,1150,-26.9,-63.5,-18.8,0.0,7
HM10.2M1,GGGACGACAGGGATTCGGTTCGTGTCTAACAGTGCCTCGTACGTCGTCCC,((((((((..((((.((...)).))))....((((...)))))))))))),Morphine,17800,-30.6,-81.7,-24.2,0.0,4
HM10.2M6,GGGACGACGGGGATTCGGTTCGCGTCTAACAGTGCCTCGTACGTCGTCCC,(((((((((......(((..(((........)))..)))..))))))))),Morphine,12800,-37.7,-104.7,-31.0,0.0,8
HM10.2M7,GGGACGACGGGGATTCGGTTCGCGTCTAGCAGTGCCTCGTACGTCGTCCC,(((((((((...((..(((..((.....))...)))..)).))))))))),Morphine,1400,-26.0,-60.1,-17.8,0.0,5
E1,GGGACGACTGCTTGGGTAGGTCGGGCTTGGGTTCGGCGGTCGTCCC,((((((((((((..((....))((((....)))))))))))))))),Fentanyl,79,-22.5,-43.5,-12.9,14.5,4
E2,GGGACGACAAAATGGCAGCATTGGTGACGGAGTTGCTTGTCGTCCC,(((((((((..............(..(......)..)))))))))),Fentanyl,143,-16.2,-23.5,-7.0,2.8,14
L1,GGGACGACAAAAATGGAAGCATTGGTTGTTGGTGCTTTGTCGTCCC,(((((((((((......((((.....)))).....))))))))))),Fentanyl,426,-20.3,-39.3,-11.6,2.9,6
L3,GGGACGACGGTTGGCTTGGGTCGGGTGTGGGTGCGGCGTCGTCCC,(((((((((.(..(((((.(.....).)))))..).))))))))),Fentanyl,25,-30.9,-69.6,-20.6,4.6,5
L5,GGGACGACAGCTTGGCTTGGTCGGGGTAGGGTTCGGATGTCGTCCC,(((((((((.((..((((..(....)..))))..)).))))))))),Fentanyl,121,-30.0,-69.6,-20.6,7.7,4
P1,GGGACGACAGCTTGGTTTGGTCGGGGTAGGGTTCGGATGTCGTCCC,((((((((((((......)))((((......))))..))))))))),Fentanyl,97,-31.1,-71.4,-21.1,15.4,6
P2,GGGACGACTAATGGGAGCATTGGTCCACGCAGTGTGCAGTCGTCCC,(((((((((..((((........)))).(((...)))))))))))),Fentanyl,268,-17.3,-28.7,-8.5,5.4,8
P4,GGGACGACGGTTGGCTTGGGGTCGGGTGTGGGTGCGGCGTCGTCCC,(((((((((.(..(((((.(......).)))))..).))))))))),Fentanyl,49,-30.7,-70.3,-20.8,17.9,6
P5,GGGACGACTGCTTGGGTAGGTCGGGTTTGGGTTCGGCGGTCGTCCC,((((((((((((..((....))(((......))))))))))))))),Fentanyl,128,-26.1,-56.7,-16.8,28.9,6
P6,GGGACGACGGTTGGCATTGGGTCGGGTGTGGGGGCGGCGTCGTCCC,(((((((((.(((((.....))))).(((....))).))))))))),Fentanyl,666,-29.5,-71.6,-21.2,12.1,5
P10,GGGACGACAGAATGGCAGCATTGGTGAGTTGTTTGCCTGTCGTCCC,((((((((((...((((((........))))))...)))))))))),Fentanyl,490,-25.8,-58.3,-17.3,1.7,8
NF2,GGGACGACAGTGGCGTTTATGGGTCGGGTGTGGGAAATGTCGTCCC,(((((((((......(((..(.(.....).)..))).))))))))),Fentanyl,156,-20.0,-36.8,-10.9,18.4,6
K10,GGGACGACTGCTTGGGTAGGTCGGGTTTGGGTGCGGCGGTCGTCCC,((((((((((((..((....))(.(......).))))))))))))),Fentanyl,505,-27.0,-62.3,-18.4,9.4,6
E6,GGGACGACGGTTGGCATTGGGTCGGGTGTGGGTGCGGCGTCGTCCC,(((((((((.(((((.....))))).(((....))).))))))))),Fentanyl,46,-29.6,-66.3,-19.6,13.2,5
E2-F1,GGGACGACGCAAATGGGAGCATTGGTCGGACTGTCAGCGGGCAGTCGTGCTGTGTCGTCCC,(((((((((((((((....)))).((..(((((((....)))))))..))))))))))))),Fentanyl,114,-26.8,-58.5,-17.3,0.0,4
E2-F2,GGGACGACGGGAATGGAAGCATTGGTTGGAGGCTCCAGCCGAGTGCCCTGGTCGTCCC,((((((((.((((((....))))(((((((...))))))).......)).)))))))),Fentanyl,154,-25.4,-54.5,-16.1,0.0,7
E2-F3,GGGACGACGGAAATGGAAGCATTGGTTGGTCAGCATGACGTGCTCTGTCGTCCC,(((((((((((((((....)))).((..((((...))))..))))))))))))),Fentanyl,87,-26.8,-58.0,-17.2,0.0,4
E2-F4,GGGACGACGGAAATGGCAGCATTGGTGGAAATACAGGGTGTTTGTGCTGCGTCGTCCC,(((((((((..((((....))))((((.((((((...)))))).)))).))))))))),Fentanyl,155,-26.7,-59.0,-17.5,0.0,4
E2-F5,GGGACGACAGGAATGGCAGCATTGGTGGTGATCGCAGAGCATTGCCCGGTCGTCCC,((((((((......(((((..((.((((...))))..))..)))))..)))))))),Fentanyl,117,-24.4,-50.6,-15.0,0.0,6
FL1,GGGACGACGCAAATGGAAGCATTGGTTGTCGTTAGACTGCTGGGTCGTCCC,((((((((.((((((....)))).((.(((....))).)))).)))))))),Fentanyl,86,-27.3,-59.7,-17.7,0.0,4
FL2,GGGACGACGGGAATGGAAGCATTGGTTATCGTTAGAGTGCCCTGTCGTCCC,((((((((((.((((....))))(((..((....))..))))))))))))),Fentanyl,104,-26.8,-58.5,-17.3,0.0,4
FL3,GGGACGACGCAAATGGAAGCATTGGTTGTGTTCACACTGCTGGGTCGTCCC,((((((((.((((((....)))).((.(((....))).)))).)))))))),Fentanyl,99,-30.5,-71.0,-21.0,19.0,4
FL4,GGGACGACGCAAATGGAAGCATTGGTTGAGCTCGCTCTGCTGGGTCGTCCC,((((((((.((((((....)))).((.(((....))).)))).)))))))),Fentanyl,87,-26.2,-56.3,-16.7,0.0,4
H1,GGGACGACGCAAATGGAAGCATTGGTTGAACTTGTTCTGCTGGGTCGTCCC,((((((((.((((((....)))).((.(((....))).)))).)))))))),Fentanyl,99,-26.2,-56.3,-16.7,0.0,4
H2,GGGACGACGGGAATGGAAGCATTGGTTCAGTTCACTGTGCCTCGTCGTCCC,((((((((((.((((....))))(((.(((....))).))))))))))))),Fentanyl,85,-29.1,-65.8,-19.5,0.0,4
H3,GGGACGACGGGAAATGGAAGCATTGGTTGAGTTACTCTGCTCCTGTCGTCCC,((((((((((((((((....)))).((.(((...))).)))))))))))))),Fentanyl,87,-29.6,-67.5,-20.0,10.6,4
H4,GGGACGACGGGAATGGAAGCATTGGTTCAACTTGTTGTGCCTCGTCGTCCC,((((((((((.((((....))))(((.(((....))).))))))))))))),Fentanyl,83,-26.4,-56.9,-16.8,0.0,4
H5,GGGACGACGGGAATGGAAGCATTGGTTACCGACAGGGTGCCTCGTCGTCCC,((((((((((.((((....))))(((..((....))..))))))))))))),Fentanyl,93,-28.7,-64.5,-19.1,0.0,4
E2-2,GGGACGACCAAAATGGCAGCATTGGTGGACGATAGTTTGCTTGGTCGTCCC,((((((((((.((((....))))(((((((....))))))))))))))))),Fentanyl,67,-19.4,-32.5,-9.6,0.0,4
E2-4,GGGACGACCAAAATGGCAGCATTGGTGGGTGATAACTTGCTTGGTCGTCCC,((((((((((.((((....))))(((((((....))))))))))))))))),Fentanyl,68,-20.8,-37.5,-11.1,0.0,4
E2-5,GGGACGACCAAAATGGGAGCATTGGTCGACACTAGTCTGCTTGGTCGTCCC,((((((((((.((((....))))(((.(((....))).))))))))))))),Fentanyl,54,-21.3,-38.9,-11.5,0.0,4
E2-11,GGGACGACCAAAATGGGAGCATTGGTCGACGCTAGTTTGCTTGGTCGTCCC,((((((((((.((((....))))(((..((....))..))))))))))))),Fentanyl,70,-21.6,-40.1,-11.9,0.0,4
E2-13,GGGACGACGCAAATGGCAGCATTGGTGACTGGTACAGGTGCTGGGTCGTCCC,((((((((((.....))(((((..(((.....)))..)))))..)))))))),Fentanyl,101,-19.4,-33.4,-9.9,0.0,5
E2-16,GGGACGACCAGAATGGAAGCATTGGTTGCCGCAGGGTGCCGCAGTCGTCCC,((((((((...((((....))))...(((.(((...))).))))))))))),Fentanyl,78,-16.4,-22.8,-6.7,1.0,4
E2-20,GGGACGACCAAAATGGGAGCATTGGTCAACCTCAGTTTGCTTGGTCGTCCC,((((((((((.((((....))))(((..((....))..))))))))))))),Fentanyl,162,-23.9,-49.5,-14.7,0.0,4
E2-21,GGGACGACCAAAATGGCAGCATTGGTGGACGTACGTATGCTTGGTCGTCCC,((((((((((..................(...........))))))))))),Fentanyl,76,-23.1,-45.5,-13.5,0.0,18
E2-24,GGGACGACGGGAATGGCAGCATTGGTGGAGTTTACTGTGCCTCGTCGTCCC,((((((((((.((((....))))((((.((....)).)))))))))))))),Fentanyl,106,-23.1,-46.2,-13.7,0.0,4
E2-25,GGGACGACCAAAATGGCAGCATTGGTGGGTTTAAACGTGCTTGGTCGTCCC,((((((((((.((((....))))((((.((....)).)))))))))))))),Fentanyl,74,-24.1,-48.8,-14.4,0.0,4
E2-26,GGGACGACGGGAATGGAAGCATTGGTTGTCGTTAGAGTGCCTCGTCGTCCC,((((((((((.((((....))))(((..((....))..))))))))))))),Fentanyl,116,-20.6,-37.7,-11.2,0.0,4
E2-29,GGGACGACCAAAATGGGAGCATTGGTCGGCGTAAGCTTGCTTGGTCGTCCC,((((((((((.((((....))))(((.(((....))).))))))))))))),Fentanyl,71,-19.7,-33.7,-10.0,0.0,4
F1,CTTACGACACGAGGTGTTTGGACTAAGTTCGGTTTCGGGTCGTAAG,((((((((.((((....((((((...)))))).)))).)))))))),Fentanyl,510,-20.9,-41.7,-12.3,0.0,4
F2,CTTACGACGACTGCGTGTGGCCGGTGTGAGGGAGGGTTGTCGTAAG,((((((((((((...(.(.((....)).).)...)))))))))))),Fentanyl,93,-21.4,-39.7,-11.8,0.0,4
F3,CTTACGACAGCGGGTGTATGTACTAAGTCCGGTTCGGTGTCGTAAG,(((((((((.((((..................)))).))))))))),Fentanyl,709,-16.5,-27.4,-8.1,0.0,18
F4,CTTACGACACTGGCAGGAGGGTCGGGTGTGGGAACGTGGTCGTAAG,((((((((.(((((......)))))...((....))..)))))))),Fentanyl,923,-22.2,-47.2,-14.0,12.1,6
F5,CTTACGACCAGGCCTACGGAAGCAGCGTCAGCGGGGGGGTCGTAAG,(((((((((...(((.(....)..((....)))))..))))))))),Fentanyl,316,-26.4,-59.1,-17.5,8.4,4
F6,CTTACGACTAGTGGAGTAGGGTCGGGTAGTGGGCCTCAGTCGTAAG,(((((((((.........(((((........))))).))))))))),Fentanyl,42,-27.8,-60.1,-17.8,10.9,9
F7,CTTACGACCACCATGGGAATCGGGTGGCTTGGAGGTGCGTCGTAAG,((((((((((((..........))))((........)))))))))),Fentanyl,43,-22.0,-40.5,-12.0,21.9,10
F8,CTTACGACGAGCATCGGTTTTTTCGGTGATGTCTGGGAGTCGTAAG,((((((((...((((((.....))))))..........)))))))),Fentanyl,350,-25.1,-55.2,-16.3,16.6,10
F9,CTTACGACGGAGGTTGGGAAGGAGGGGGAGGCCGGAGAGTCGTAAG,((((((((...((((..............)))).....)))))))),Fentanyl,72,-10.9,-3.9,-1.2,18.1,14
F21,CTTACGACCGGACATGTGATCGGGCAGCTGGGAGTCGGGTCGTAAG,(((((((((.(((......((((....))))..))).))))))))),Fentanyl,310,-17.7,-29.9,-8.9,0.0,6
F28,CTTACGACGGGTGGGGAGGCCCTCTAGTTGGGAACGGTGTCGTAAG,(((((((((((.(((....))).))..(((....)))))))))))),Fentanyl,43,-25.5,-52.3,-15.5,0.0,4
F10,CTTACGACGGCAGGTGTTTGCACTAAGTCCGGTATGTCGTCGTAAG,((((((((((((.((....))(((......))).)))))))))))),Acetyl Fentanyl,546,-20.6,-41.1,-12.2,0.0,6
F11,CTTACGACCGGTGTGCTCGGGGAAGGGGGGCCCTAGGTGTCGTAAG,((((((((...............(..((....))...))))))))),Acetyl Fentanyl,"27,200",-26.6,-69.0,-20.4,0.0,15
F12,CTTACGACATCTGCGTGTGGCCGGTGTGAGGGAGGGATGTCGTAAG,((((((((((((...(.(.((....)).).)...)))))))))))),Acetyl Fentanyl,60,-23.1,-44.9,-13.3,9.0,4
F13,CTTACGACCATGGGTGTTTGCACTAAGTCCGGTTCTTGGTCGTAAG,((((((((((..((((....)))).((.......)))))))))))),Acetyl Fentanyl,251,-17.2,-28.0,-8.3,6.3,7
F14,CTTACGACCGGTGTGCTCGGGGAAGGGGGCCCTAGGTGGTCGTAAG,((((((((((.(..((((........))))....).)))))))))),Acetyl Fentanyl,68,-35.2,-86.2,-25.5,11.5,8
F15,CTTACGACACCGGGATCCAGATGGGTAGTTTGATGTGTGTCGTAAG,((((((((((.((...))(.((.((....)).)).))))))))))),Acetyl Fentanyl,156,-24.4,-51.4,-15.2,8.3,4
F16,CTTACGACCGGCGGAAGGCTGGAGGGGTTGGGGGAGGTGTCGTAAG,(((((((((..(....)(((.....)))...))......))))))),Acetyl Fentanyl,67,-20.0,-34.8,-10.3,22.9,6
F17,CTTACGACCGGTGGGGAGGCCGGAGTTGGGAACGGGGGGTCGTAAG,((((((((((((......)))....(((....)))..))))))))),Acetyl Fentanyl,98,-20.2,-36.0,-10.7,6.3,6
F18,CTTACGACCGGGATCCTTTGGGACAACCTGGTGGGCATGTCGTAAG,((((((((((((.(((....)))...))))))..(....))))))),Acetyl Fentanyl,29,-25.7,-52.3,-15.5,4.6,4
F27,CTTACGACGAGCGCGTGTGGCCGGCGTGAGGGAGGTGAGTCGTAAG,((((((((...(((.(.(..(......)..).).))).)))))))),Acetyl Fentanyl,21,-20.6,-34.6,-10.2,0.0,6
F19,CTTACGACGGGGTACCCGGACAGTGATGTTTGGTGTTCGTCGTAAG,(((((((((((....(((((((....)))))))..))))))))))),,,,,,,4
F20,CTTACGACGAAGCAACGGGGTTTCGGAGGGCAGGTGTCGTCGTAAG,(((((((((((((......)))))....(((....))))))))))),Furanyl Fentanyl,207,-23.6,-49.1,-14.5,,6
F21,CTTACGACCGGACATGTGATCGGGCAGCTGGGAGTCGGGTCGTAAG,(((((((((.(((......((((....))))..))).))))))))),Furanyl Fentanyl,193,-17.5,-28.4,-8.4,,6
F22,CTTACGACGTCGAGGGGTACCCTTTGGCGTTCGTCGAGGTCGTAAG,((((((((.((((.(((..((....))..))).)))).)))))))),Furanyl Fentanyl,240,-17.6,-29.1,-8.6,,4
F23,CTTACGACCAGGCTACGTGGGGGAGGGTGGGAAGACGGGTCGTAAG,(((((((((.(.((((.(......).)))).....).))))))))),Furanyl Fentanyl,51,-35.9,-87.9,-26.0,13.9,6
F24,CTTACGACACAGGGTGTGTTGTGCTCAGTGGTGTATGTGTCGTAAG,(((((((((((.......(((....))).......))))))))))),Furanyl Fentanyl,63,-25.9,-54.5,-16.1,17.1,7
F25,CTTACGACAGGGGTACCCGCGTATAACGTGGCGTTCGTGTCGTAAG,(((((((((.(((...((((((...))))))..))).))))))))),Furanyl Fentanyl,171,-20.5,-38.3,-11.3,6.7,3
F26,CTTACGACGGGGTGGGGGCGGCTTCCCATGGGAGGGGTGTCGTAAG,(((((((((..((....))..(((((....)))))..))))))))),Furanyl Fentanyl,59,-22.5,-42.7,-12.6,12.8,4
F27,CTTACGACGAGCGCGTGTGGCCGGCGTGAGGGAGGTGAGTCGTAAG,((((((((...(((.(.(..(......)..).).))).)))))))),Furanyl Fentanyl,4,-31.6,-68.4,-20.2,8.3,6
F28,CTTACGACGGGTGGGGAGGCCCTCTAGTTGGGAACGGTGTCGTAAG,(((((((((((.(((....))).))..(((....)))))))))))),Furanyl Fentanyl,62,-21.3,-38.9,-11.5,11.2,4
XA1,CTTACGACTGTGGTCGGGTGGTGGGCCTCTAGAGGGGTGTCGTAAG,((((((((..(..((.((.((....)).)).))..)..)))))))),XLR-11,127,-11.9,-8.8,-2.6,0.0,4
XA2,CTTACGACTGCGGGCATTTGTGGGGGGCGTCGGTGGGCGTCGTAAG,((((((..((....))..)))))).((((((....)))))).....,XLR-11,394,-5.3,11.5,3.4,0.0,5
THC1.2,CTTACGACCCAGGGGGGTGGACAGGCGGGGGTTAGGGGGGTCGTAAG,((((((((((....(......).(((....)))....)))))))))),THC,61,-112.7,-9.8,-2.9,0.0,6
SCA2.1,CTTACGACCTTAAGTGGGGTTCGGGTGGAGTTTATGGGGTCGTAAG,((((((((((...(((((.(((....))).))))).)))))))))),(-)-MDPV,47,-24.7,-50.0,-14.8,0.0,4
MMC1,CTTACGACCAGGGTTGGTTTCATCGGTGGTGTAATATGGTCGTAAG,((((((((((......((..(((.....)))..)).)))))))))),Mephedrone,15000,-14.4,-26.6,-7.9,0.0,6
